id,characteristics_id,review_id,value 
1,fit,1,3
2,width,1,4
3,size,1,1
4,length,1,1
5,fit,2,1
6,width,2,1
7,size,2,3
8,length,2,5
9,fit,3,5
10,width,3,4
11,size,3,2
12,length,3,5
13,fit,4,3
14,width,4,2
15,size,4,4
16,length,4,5
17,fit,5,3
18,width,5,3
19,size,5,5
20,length,5,3
21,fit,6,1
22,width,6,5
23,size,6,1
24,length,6,2
25,size,7,5
26,quality,7,1
27,comfort,7,2
28,fit,7,4
29,size,8,5
30,quality,8,4
31,comfort,8,3
32,fit,8,2
33,size,9,4
34,quality,9,5
35,comfort,9,5
36,fit,9,2
37,size,10,2
38,quality,10,1
39,comfort,10,4
40,fit,10,1
41,size,11,3
42,quality,11,3
43,comfort,11,5
44,fit,11,2
45,size,12,5
46,quality,12,1
47,comfort,12,2
48,fit,12,2
49,size,13,4
50,quality,13,2
51,comfort,13,5
52,fit,13,2
53,size,14,3
54,quality,14,5
55,comfort,14,4
56,fit,14,1
57,fit,15,4
58,comfort,15,4
59,width,15,3
60,quality,15,3
61,fit,16,1
62,comfort,16,2
63,width,16,2
64,quality,16,3
65,fit,17,5
66,comfort,17,5
67,width,17,4
68,quality,17,2
69,fit,18,1
70,comfort,18,4
71,width,18,5
72,quality,18,4
73,fit,19,2
74,comfort,19,5
75,width,19,2
76,quality,19,2
77,fit,20,3
78,comfort,20,3
79,width,20,2
80,quality,20,1
81,length,21,1
82,quality,21,2
83,fit,21,1
84,size,21,5
85,quality,22,1
86,comfort,22,2
87,length,22,2
88,size,22,1
89,fit,23,5
90,quality,23,5
91,width,23,2
92,comfort,23,4
93,fit,24,4
94,quality,24,1
95,width,24,2
96,comfort,24,5
97,fit,25,1
98,quality,25,1
99,width,25,2
100,comfort,25,5
101,fit,26,5
102,quality,26,4
103,width,26,5
104,comfort,26,3
105,fit,27,2
106,quality,27,2
107,width,27,1
108,comfort,27,1
109,fit,28,1
110,quality,28,1
111,width,28,3
112,comfort,28,1
113,comfort,29,4
114,size,29,4
115,quality,29,1
116,fit,29,3
117,comfort,30,4
118,size,30,4
119,quality,30,1
120,fit,30,4
121,comfort,31,3
122,size,31,2
123,quality,31,3
124,fit,31,5
125,comfort,32,4
126,size,32,3
127,quality,32,1
128,fit,32,1
129,comfort,33,3
130,size,33,2
131,quality,33,2
132,fit,33,5
133,comfort,34,1
134,size,34,3
135,quality,34,1
136,fit,34,4
137,comfort,35,3
138,size,35,5
139,quality,35,4
140,fit,35,4
141,comfort,36,3
142,size,36,3
143,quality,36,2
144,fit,36,2
145,fit,37,4
146,comfort,37,1
147,quality,37,4
148,length,37,1
149,fit,38,2
150,comfort,38,3
151,quality,38,4
152,length,38,4
153,fit,39,4
154,comfort,39,1
155,quality,39,4
156,length,39,3
157,fit,40,3
158,comfort,40,4
159,quality,40,2
160,length,40,1
161,fit,41,5
162,comfort,41,5
163,quality,41,4
164,length,41,2
165,length,42,3
166,quality,42,1
167,width,42,1
168,comfort,42,4
169,length,43,2
170,quality,43,5
171,width,43,3
172,comfort,43,2
173,length,44,1
174,quality,44,3
175,width,44,1
176,comfort,44,3
177,length,45,5
178,quality,45,3
179,width,45,3
180,comfort,45,3
181,length,46,1
182,quality,46,1
183,width,46,3
184,comfort,46,5
185,fit,47,5
186,width,47,5
187,comfort,47,1
188,quality,47,4
189,fit,48,4
190,width,48,5
191,comfort,48,1
192,quality,48,1
193,fit,49,4
194,width,49,1
195,comfort,49,1
196,quality,49,1
197,fit,50,1
198,width,50,5
199,comfort,50,2
200,quality,50,4
201,comfort,51,2
202,size,51,3
203,quality,51,5
204,width,51,1
205,comfort,52,2
206,size,52,2
207,quality,52,1
208,width,52,4
209,comfort,53,3
210,size,53,1
211,quality,53,2
212,width,53,4
213,comfort,54,1
214,size,54,2
215,quality,54,3
216,width,54,3
217,comfort,55,2
218,size,55,2
219,quality,55,1
220,width,55,5
221,width,56,5
222,size,56,1
223,length,56,5
224,fit,56,1
225,width,57,2
226,size,57,3
227,length,57,3
228,fit,57,2
229,width,58,5
230,size,58,1
231,length,58,5
232,fit,58,5
233,width,59,4
234,size,59,3
235,length,59,1
236,fit,59,4
237,width,60,2
238,size,60,5
239,length,60,2
240,fit,60,2
241,comfort,61,1
242,size,61,2
243,length,61,3
244,width,61,4
245,comfort,62,5
246,size,62,5
247,length,62,3
248,width,62,4
249,size,63,2
250,quality,63,1
251,width,63,4
252,length,63,1
253,size,64,4
254,quality,64,3
255,width,64,3
256,length,64,3
257,size,65,4
258,quality,65,5
259,width,65,2
260,length,65,5
261,fit,66,5
262,comfort,66,2
263,width,66,3
264,size,66,2
265,fit,67,5
266,comfort,67,2
267,width,67,4
268,size,67,3
269,fit,68,5
270,comfort,68,5
271,width,68,3
272,size,68,2
273,comfort,69,1
274,length,69,1
275,quality,69,1
276,width,69,1
277,comfort,70,2
278,length,70,4
279,quality,70,4
280,width,70,4
281,length,71,2
282,fit,71,4
283,width,71,3
284,quality,71,4
285,length,72,4
286,fit,72,5
287,width,72,1
288,quality,72,5
289,length,73,5
290,fit,73,4
291,width,73,2
292,quality,73,2
293,length,74,2
294,fit,74,3
295,width,74,1
296,quality,74,5
297,length,75,4
298,fit,75,4
299,width,75,3
300,quality,75,4
301,length,76,2
302,fit,76,5
303,width,76,4
304,quality,76,2
305,fit,77,1
306,quality,77,3
307,size,77,1
308,width,77,5
309,fit,78,1
310,width,78,1
311,comfort,78,3
312,length,78,1
313,width,79,1
314,comfort,79,4
315,length,79,5
316,size,79,5
317,width,80,1
318,comfort,80,4
319,length,80,4
320,size,80,1
321,width,81,1
322,comfort,81,4
323,length,81,1
324,size,81,4
325,width,82,4
326,quality,82,1
327,fit,82,5
328,length,82,1
329,width,83,4
330,quality,83,5
331,fit,83,2
332,length,83,5
333,width,84,1
334,quality,84,1
335,fit,84,1
336,length,84,4
337,width,85,1
338,quality,85,4
339,fit,85,4
340,length,85,4
341,comfort,86,2
342,fit,86,4
343,quality,86,2
344,length,86,5
345,comfort,87,4
346,fit,87,3
347,quality,87,2
348,length,87,1
349,comfort,88,4
350,fit,88,5
351,quality,88,5
352,length,88,4
353,comfort,89,2
354,fit,89,4
355,quality,89,5
356,length,89,3
357,comfort,90,3
358,fit,90,3
359,quality,90,2
360,length,90,5
361,comfort,91,5
362,fit,91,2
363,quality,91,3
364,length,91,4
365,fit,92,5
366,comfort,92,2
367,width,92,3
368,length,92,2
369,fit,93,2
370,comfort,93,5
371,width,93,5
372,length,93,4
373,fit,94,5
374,comfort,94,4
375,width,94,5
376,length,94,1
377,comfort,95,5
378,length,95,3
379,quality,95,1
380,size,95,2
381,comfort,96,4
382,length,96,4
383,quality,96,2
384,size,96,5
385,quality,97,5
386,length,97,4
387,width,97,5
388,size,97,1
389,quality,98,3
390,length,98,4
391,width,98,5
392,size,98,1
393,quality,99,2
394,length,99,1
395,width,99,2
396,size,99,1
397,quality,100,4
398,length,100,1
399,width,100,1
400,size,100,2
401,quality,101,5
402,length,101,1
403,width,101,2
404,size,101,4
405,quality,102,5
406,length,102,3
407,width,102,4
408,size,102,2
409,quality,103,5
410,length,103,5
411,width,103,1
412,size,103,2
413,quality,104,4
414,length,104,4
415,width,104,4
416,size,104,1
417,comfort,105,2
418,fit,105,4
419,length,105,3
420,quality,105,4
421,comfort,106,3
422,fit,106,3
423,length,106,1
424,quality,106,2
425,comfort,107,2
426,fit,107,5
427,length,107,4
428,quality,107,5
429,comfort,108,3
430,fit,108,4
431,length,108,3
432,quality,108,1
433,width,109,1
434,length,109,3
435,size,109,5
436,fit,109,1
437,width,110,5
438,length,110,3
439,size,110,4
440,fit,110,4
441,width,111,2
442,length,111,5
443,size,111,1
444,fit,111,3
445,width,112,1
446,length,112,3
447,size,112,3
448,fit,112,2
449,width,113,4
450,length,113,4
451,size,113,4
452,fit,113,3
453,fit,114,3
454,quality,114,5
455,comfort,114,2
456,length,114,2
457,fit,115,2
458,quality,115,2
459,comfort,115,3
460,length,115,5
461,fit,116,1
462,quality,116,3
463,comfort,116,1
464,length,116,2
465,fit,117,2
466,quality,117,3
467,comfort,117,2
468,length,117,4
469,fit,118,1
470,quality,118,4
471,comfort,118,1
472,length,118,4
473,length,119,2
474,size,119,2
475,comfort,119,5
476,quality,119,1
477,size,120,5
478,length,120,4
479,comfort,120,5
480,fit,120,4
481,size,121,4
482,length,121,5
483,comfort,121,3
484,fit,121,4
485,size,122,3
486,length,122,1
487,comfort,122,2
488,fit,122,5
489,size,123,5
490,length,123,2
491,comfort,123,1
492,fit,123,1
493,size,124,5
494,length,124,3
495,comfort,124,1
496,fit,124,3
497,size,125,2
498,length,125,5
499,comfort,125,4
500,fit,125,3
501,width,126,4
502,comfort,126,4
503,size,126,2
504,length,126,2
505,width,127,3
506,comfort,127,1
507,size,127,3
508,length,127,1
509,width,128,2
510,comfort,128,4
511,size,128,3
512,length,128,4
513,width,129,4
514,comfort,129,3
515,size,129,1
516,length,129,2
517,width,130,1
518,comfort,130,5
519,size,130,2
520,length,130,3
521,width,131,4
522,comfort,131,3
523,size,131,5
524,length,131,1
525,width,132,2
526,comfort,132,3
527,size,132,2
528,length,132,3
529,width,133,2
530,comfort,133,4
531,size,133,4
532,length,133,1
533,comfort,134,3
534,quality,134,3
535,size,134,1
536,length,134,4
537,comfort,135,2
538,quality,135,5
539,size,135,2
540,length,135,5
541,quality,136,5
542,length,136,2
543,comfort,136,4
544,size,136,5
545,quality,137,4
546,length,137,5
547,comfort,137,5
548,size,137,1
549,quality,138,2
550,length,138,3
551,comfort,138,5
552,size,138,4
553,quality,139,5
554,length,139,3
555,comfort,139,3
556,size,139,3
557,comfort,140,4
558,length,140,1
559,size,140,3
560,width,140,5
561,comfort,141,1
562,length,141,2
563,size,141,5
564,width,141,1
565,comfort,142,4
566,length,142,4
567,size,142,1
568,width,142,4
569,size,143,3
570,fit,143,3
571,comfort,143,3
572,length,143,5
573,size,144,5
574,fit,144,5
575,comfort,144,4
576,length,144,3
577,size,145,1
578,fit,145,3
579,comfort,145,2
580,length,145,1
581,size,146,3
582,fit,146,3
583,comfort,146,4
584,length,146,4
585,size,147,2
586,fit,147,4
587,comfort,147,3
588,length,147,2
589,comfort,148,4
590,width,148,1
591,size,148,2
592,quality,148,5
593,width,149,5
594,length,149,5
595,fit,149,1
596,quality,149,4
597,width,150,2
598,length,150,1
599,fit,150,5
600,quality,150,4
601,width,151,5
602,length,151,3
603,fit,151,1
604,quality,151,4
605,width,152,2
606,length,152,1
607,fit,152,5
608,quality,152,2
609,width,153,4
610,length,153,5
611,fit,153,5
612,quality,153,3
613,quality,154,1
614,comfort,154,4
615,width,154,5
616,length,154,1
617,quality,155,1
618,comfort,155,1
619,width,155,3
620,length,155,1
621,quality,156,1
622,comfort,156,3
623,width,156,5
624,length,156,4
625,quality,157,4
626,comfort,157,3
627,width,157,2
628,length,157,1
629,quality,158,5
630,comfort,158,4
631,width,158,3
632,length,158,1
633,quality,159,5
634,comfort,159,2
635,width,159,2
636,length,159,2
637,length,160,4
638,fit,160,5
639,quality,160,3
640,width,160,2
641,length,161,2
642,fit,161,3
643,quality,161,2
644,width,161,5
645,fit,162,1
646,width,162,5
647,comfort,162,2
648,size,162,3
649,fit,163,4
650,width,163,2
651,comfort,163,2
652,size,163,3
653,length,164,2
654,size,164,2
655,fit,164,5
656,width,164,4
657,length,165,1
658,size,165,5
659,fit,165,4
660,width,165,5
661,length,166,5
662,size,166,4
663,fit,166,4
664,width,166,5
665,length,167,5
666,size,167,5
667,fit,167,2
668,width,167,4
669,length,168,2
670,size,168,1
671,fit,168,3
672,width,168,5
673,length,169,3
674,size,169,2
675,fit,169,2
676,width,169,4
677,length,170,1
678,size,170,5
679,fit,170,2
680,width,170,2
681,length,171,3
682,fit,171,1
683,width,171,1
684,size,171,2
685,length,172,2
686,fit,172,4
687,width,172,1
688,size,172,1
689,length,173,3
690,fit,173,3
691,width,173,4
692,size,173,2
693,length,174,2
694,fit,174,4
695,width,174,2
696,size,174,3
697,length,175,1
698,fit,175,5
699,width,175,4
700,size,175,3
701,length,176,4
702,fit,176,3
703,width,176,5
704,size,176,1
705,length,177,2
706,fit,177,5
707,width,177,4
708,size,177,3
709,length,178,4
710,fit,178,1
711,width,178,2
712,size,178,1
713,comfort,179,4
714,width,179,4
715,length,179,3
716,quality,179,2
717,comfort,180,4
718,width,180,2
719,length,180,3
720,quality,180,2
721,comfort,181,5
722,width,181,4
723,length,181,4
724,quality,181,3
725,comfort,182,2
726,width,182,2
727,length,182,4
728,quality,182,2
729,comfort,183,4
730,width,183,3
731,length,183,4
732,quality,183,5
733,fit,184,3
734,width,184,5
735,size,184,4
736,length,184,1
737,fit,185,1
738,width,185,4
739,size,185,4
740,length,185,4
741,fit,186,5
742,width,186,2
743,size,186,2
744,length,186,3
745,fit,187,3
746,width,187,2
747,size,187,4
748,length,187,4
749,fit,188,2
750,width,188,3
751,size,188,5
752,length,188,1
753,fit,189,3
754,width,189,2
755,size,189,3
756,length,189,2
757,fit,190,1
758,width,190,2
759,size,190,5
760,length,190,4
761,fit,191,5
762,width,191,3
763,size,191,5
764,length,191,2
765,size,192,5
766,length,192,3
767,fit,192,5
768,comfort,192,2
769,length,193,5
770,fit,193,1
771,quality,193,3
772,comfort,193,5
773,length,194,5
774,fit,194,1
775,quality,194,5
776,comfort,194,3
777,length,195,2
778,fit,195,5
779,quality,195,4
780,comfort,195,4
781,length,196,5
782,fit,196,4
783,quality,196,2
784,comfort,196,5
785,length,197,2
786,fit,197,5
787,quality,197,5
788,comfort,197,4
789,length,198,3
790,fit,198,5
791,quality,198,1
792,comfort,198,3
793,quality,199,4
794,size,199,5
795,comfort,199,4
796,length,199,1
797,quality,200,4
798,size,200,5
799,comfort,200,1
800,length,200,3
801,quality,201,1
802,size,201,4
803,comfort,201,1
804,length,201,2
805,quality,202,4
806,size,202,1
807,comfort,202,2
808,length,202,1
809,quality,203,3
810,size,203,5
811,comfort,203,5
812,length,203,1
813,comfort,204,5
814,width,204,1
815,fit,204,1
816,quality,204,1
817,comfort,205,4
818,width,205,3
819,fit,205,5
820,quality,205,2
821,comfort,206,2
822,width,206,5
823,fit,206,5
824,quality,206,2
825,comfort,207,5
826,width,207,5
827,fit,207,4
828,quality,207,5
829,comfort,208,2
830,width,208,3
831,fit,208,3
832,quality,208,3
833,comfort,209,2
834,width,209,1
835,fit,209,5
836,quality,209,4
837,comfort,210,1
838,width,210,3
839,fit,210,2
840,quality,210,1
841,fit,211,5
842,width,211,5
843,comfort,211,3
844,length,211,3
845,fit,212,1
846,width,212,1
847,comfort,212,5
848,length,212,4
849,quality,213,2
850,size,213,1
851,width,213,2
852,fit,213,3
853,quality,214,2
854,fit,214,1
855,width,214,4
856,length,214,4
857,quality,215,2
858,fit,215,1
859,width,215,1
860,length,215,5
861,quality,216,3
862,fit,216,1
863,width,216,1
864,length,216,1
865,quality,217,5
866,fit,217,4
867,width,217,2
868,length,217,4
869,fit,218,4
870,quality,218,5
871,comfort,218,4
872,width,218,2
873,fit,219,5
874,quality,219,3
875,comfort,219,2
876,width,219,1
877,fit,220,3
878,quality,220,1
879,comfort,220,1
880,width,220,1
881,fit,221,3
882,quality,221,1
883,comfort,221,4
884,width,221,3
885,fit,222,1
886,quality,222,4
887,comfort,222,1
888,width,222,5
889,fit,223,3
890,quality,223,5
891,comfort,223,2
892,width,223,4
893,fit,224,4
894,quality,224,4
895,comfort,224,4
896,width,224,2
897,fit,225,1
898,quality,225,3
899,comfort,225,5
900,width,225,5
901,comfort,226,5
902,size,226,1
903,length,226,3
904,quality,226,5
905,comfort,227,2
906,size,227,5
907,length,227,3
908,quality,227,5
909,fit,228,3
910,quality,228,4
911,width,228,5
912,comfort,228,3
913,fit,229,4
914,quality,229,5
915,width,229,5
916,comfort,229,1
917,length,230,1
918,size,230,2
919,quality,230,5
920,width,230,3
921,length,231,2
922,size,231,4
923,quality,231,2
924,width,231,1
925,length,232,5
926,size,232,5
927,quality,232,2
928,width,232,4
929,length,233,2
930,size,233,2
931,quality,233,4
932,width,233,2
933,length,234,2
934,size,234,1
935,quality,234,3
936,width,234,5
937,length,235,1
938,size,235,2
939,quality,235,1
940,width,235,2
941,length,236,4
942,size,236,4
943,quality,236,3
944,width,236,1
945,length,237,4
946,size,237,1
947,quality,237,2
948,width,237,3
949,size,238,4
950,fit,238,4
951,length,238,3
952,comfort,238,5
953,size,239,4
954,fit,239,4
955,length,239,2
956,comfort,239,5
957,size,240,2
958,fit,240,3
959,length,240,4
960,comfort,240,2
961,size,241,4
962,fit,241,4
963,length,241,2
964,comfort,241,1
965,size,242,4
966,fit,242,1
967,length,242,3
968,comfort,242,4
969,size,243,5
970,fit,243,2
971,length,243,4
972,comfort,243,2
973,size,244,1
974,width,244,4
975,quality,244,3
976,comfort,244,1
977,length,245,2
978,quality,245,5
979,width,245,1
980,fit,245,4
981,length,246,3
982,quality,246,5
983,width,246,1
984,fit,246,1
985,length,247,1
986,quality,247,4
987,width,247,1
988,fit,247,4
989,length,248,2
990,quality,248,4
991,width,248,2
992,fit,248,1
993,length,249,2
994,quality,249,2
995,width,249,2
996,fit,249,2
997,width,250,4
998,quality,250,3
999,size,250,2
1000,fit,250,4
1001,width,251,3
1002,quality,251,3
1003,size,251,1
1004,fit,251,1
1005,width,252,3
1006,quality,252,3
1007,size,252,5
1008,fit,252,4
1009,width,253,2
1010,quality,253,3
1011,size,253,2
1012,fit,253,2
1013,width,254,2
1014,quality,254,5
1015,size,254,3
1016,fit,254,4
1017,fit,255,1
1018,length,255,2
1019,comfort,255,2
1020,size,255,5
1021,width,256,2
1022,quality,256,4
1023,fit,256,5
1024,size,256,1
1025,width,257,4
1026,quality,257,1
1027,fit,257,4
1028,size,257,1
1029,width,258,4
1030,quality,258,5
1031,fit,258,5
1032,size,258,3
1033,width,259,1
1034,quality,259,5
1035,fit,259,3
1036,size,259,5
1037,width,260,5
1038,quality,260,3
1039,fit,260,5
1040,size,260,4
1041,length,261,5
1042,width,261,5
1043,quality,261,3
1044,comfort,261,3
1045,length,262,4
1046,width,262,4
1047,quality,262,3
1048,comfort,262,3
1049,width,263,1
1050,comfort,263,1
1051,fit,263,3
1052,quality,263,1
1053,width,264,2
1054,comfort,264,4
1055,fit,264,1
1056,quality,264,4
1057,width,265,4
1058,comfort,265,3
1059,fit,265,5
1060,quality,265,3
1061,width,266,4
1062,comfort,266,2
1063,fit,266,2
1064,quality,266,3
1065,width,267,4
1066,comfort,267,4
1067,fit,267,4
1068,quality,267,1
1069,width,268,4
1070,comfort,268,1
1071,length,268,5
1072,size,268,4
1073,width,269,3
1074,comfort,269,2
1075,length,269,3
1076,size,269,4
1077,fit,270,3
1078,length,270,4
1079,comfort,270,2
1080,quality,270,5
1081,fit,271,1
1082,width,271,5
1083,comfort,271,2
1084,quality,271,5
1085,fit,272,5
1086,width,272,3
1087,comfort,272,1
1088,quality,272,4
1089,fit,273,2
1090,width,273,3
1091,comfort,273,1
1092,quality,273,5
1093,fit,274,2
1094,width,274,2
1095,comfort,274,3
1096,quality,274,4
1097,fit,275,2
1098,width,275,1
1099,comfort,275,1
1100,quality,275,2
1101,fit,276,2
1102,width,276,4
1103,comfort,276,5
1104,quality,276,1
1105,fit,277,4
1106,width,277,1
1107,comfort,277,3
1108,quality,277,5
1109,fit,278,5
1110,width,278,2
1111,comfort,278,4
1112,quality,278,5
1113,quality,279,5
1114,size,279,2
1115,length,279,3
1116,width,279,4
1117,quality,280,2
1118,size,280,5
1119,length,280,1
1120,width,280,4
1121,quality,281,1
1122,size,281,5
1123,length,281,3
1124,width,281,2
1125,quality,282,3
1126,size,282,3
1127,length,282,2
1128,width,282,5
1129,quality,283,1
1130,size,283,3
1131,length,283,5
1132,width,283,5
1133,quality,284,4
1134,size,284,2
1135,length,284,5
1136,width,284,4
1137,quality,285,2
1138,size,285,2
1139,length,285,2
1140,width,285,2
1141,quality,286,5
1142,size,286,4
1143,length,286,5
1144,width,286,2
1145,length,287,2
1146,comfort,287,2
1147,quality,287,4
1148,fit,287,5
1149,length,288,5
1150,comfort,288,5
1151,quality,288,5
1152,fit,288,5
1153,length,289,2
1154,comfort,289,3
1155,quality,289,4
1156,fit,289,4
1157,length,290,4
1158,comfort,290,3
1159,quality,290,3
1160,fit,290,2
1161,length,291,5
1162,comfort,291,3
1163,quality,291,1
1164,fit,291,2
1165,length,292,4
1166,comfort,292,3
1167,quality,292,3
1168,fit,292,2
1169,length,293,1
1170,comfort,293,3
1171,quality,293,5
1172,fit,293,3
1173,length,294,5
1174,comfort,294,5
1175,quality,294,2
1176,fit,294,3
1177,quality,295,5
1178,comfort,295,3
1179,fit,295,1
1180,length,295,3
1181,quality,296,2
1182,comfort,296,2
1183,fit,296,3
1184,length,296,2
1185,quality,297,2
1186,comfort,297,5
1187,fit,297,1
1188,length,297,4
1189,quality,298,5
1190,comfort,298,4
1191,fit,298,5
1192,length,298,1
1193,quality,299,1
1194,comfort,299,2
1195,fit,299,5
1196,length,299,3
1197,size,300,4
1198,quality,300,4
1199,fit,300,2
1200,length,300,3
1201,size,301,2
1202,quality,301,5
1203,fit,301,3
1204,length,301,1
1205,size,302,3
1206,quality,302,1
1207,fit,302,5
1208,length,302,4
1209,size,303,2
1210,length,303,3
1211,width,303,1
1212,comfort,303,4
1213,size,304,1
1214,length,304,5
1215,width,304,2
1216,comfort,304,1
1217,size,305,2
1218,length,305,4
1219,width,305,3
1220,comfort,305,5
1221,fit,306,1
1222,quality,306,4
1223,comfort,306,5
1224,size,306,5
1225,comfort,307,2
1226,size,307,5
1227,length,307,4
1228,quality,307,4
1229,comfort,308,4
1230,size,308,1
1231,length,308,2
1232,quality,308,5
1233,comfort,309,2
1234,size,309,5
1235,length,309,3
1236,quality,309,4
1237,length,310,4
1238,comfort,310,3
1239,width,310,5
1240,size,310,4
1241,quality,311,2
1242,fit,311,3
1243,comfort,311,5
1244,size,311,1
1245,quality,312,2
1246,fit,312,2
1247,comfort,312,4
1248,size,312,3
1249,quality,313,2
1250,fit,313,2
1251,comfort,313,1
1252,size,313,1
1253,quality,314,3
1254,fit,314,3
1255,comfort,314,4
1256,size,314,3
1257,quality,315,3
1258,fit,315,2
1259,comfort,315,4
1260,size,315,1
1261,quality,316,3
1262,fit,316,5
1263,comfort,316,4
1264,size,316,5
1265,quality,317,3
1266,fit,317,2
1267,comfort,317,1
1268,size,317,4
1269,quality,318,4
1270,fit,318,1
1271,length,318,5
1272,size,318,4
1273,quality,319,1
1274,fit,319,2
1275,length,319,5
1276,size,319,1
1277,quality,320,2
1278,fit,320,4
1279,length,320,1
1280,size,320,3
1281,quality,321,2
1282,fit,321,1
1283,length,321,5
1284,size,321,4
1285,width,322,2
1286,length,322,4
1287,size,322,2
1288,quality,322,2
1289,length,323,1
1290,size,323,3
1291,quality,323,5
1292,width,323,4
1293,length,324,1
1294,size,324,2
1295,quality,324,2
1296,width,324,5
1297,length,325,3
1298,size,325,1
1299,quality,325,5
1300,width,325,3
1301,length,326,1
1302,size,326,4
1303,quality,326,5
1304,width,326,3
1305,length,327,2
1306,size,327,1
1307,quality,327,1
1308,width,327,5
1309,length,328,4
1310,size,328,5
1311,quality,328,4
1312,width,328,5
1313,length,329,3
1314,size,329,2
1315,quality,329,1
1316,width,329,2
1317,fit,330,2
1318,size,330,1
1319,width,330,2
1320,quality,330,5
1321,fit,331,3
1322,size,331,3
1323,width,331,2
1324,quality,331,3
1325,fit,332,2
1326,width,332,4
1327,comfort,332,1
1328,size,332,4
1329,fit,333,1
1330,width,333,3
1331,comfort,333,2
1332,size,333,2
1333,fit,334,5
1334,width,334,1
1335,comfort,334,2
1336,size,334,3
1337,fit,335,3
1338,width,335,5
1339,comfort,335,4
1340,size,335,3
1341,size,336,3
1342,length,336,1
1343,width,336,1
1344,comfort,336,3
1345,size,337,4
1346,length,337,4
1347,width,337,3
1348,comfort,337,5
1349,size,338,2
1350,length,338,5
1351,width,338,3
1352,comfort,338,4
1353,size,339,1
1354,length,339,5
1355,width,339,2
1356,comfort,339,2
1357,size,340,1
1358,length,340,3
1359,width,340,3
1360,comfort,340,1
1361,quality,341,2
1362,fit,341,1
1363,length,341,4
1364,comfort,341,1
1365,quality,342,2
1366,fit,342,1
1367,length,342,4
1368,comfort,342,4
1369,quality,343,4
1370,fit,343,5
1371,length,343,5
1372,comfort,343,3
1373,quality,344,2
1374,fit,344,5
1375,length,344,2
1376,comfort,344,4
1377,quality,345,2
1378,fit,345,3
1379,length,345,4
1380,comfort,345,5
1381,quality,346,2
1382,fit,346,5
1383,length,346,4
1384,comfort,346,3
1385,quality,347,3
1386,fit,347,1
1387,length,347,5
1388,comfort,347,5
1389,quality,348,4
1390,fit,348,1
1391,length,348,3
1392,comfort,348,3
1393,quality,349,1
1394,length,349,1
1395,width,349,2
1396,fit,349,2
1397,quality,350,4
1398,length,350,4
1399,width,350,2
1400,fit,350,2
1401,quality,351,4
1402,length,351,4
1403,width,351,4
1404,fit,351,1
1405,quality,352,5
1406,length,352,1
1407,width,352,1
1408,fit,352,2
1409,quality,353,2
1410,length,353,2
1411,width,353,4
1412,fit,353,3
1413,quality,354,1
1414,length,354,5
1415,width,354,1
1416,fit,354,1
1417,quality,355,5
1418,length,355,4
1419,width,355,3
1420,fit,355,4
1421,length,356,1
1422,size,356,3
1423,comfort,356,2
1424,fit,356,2
1425,length,357,4
1426,size,357,1
1427,comfort,357,5
1428,fit,357,1
1429,length,358,1
1430,size,358,5
1431,comfort,358,1
1432,fit,358,5
1433,comfort,359,2
1434,quality,359,3
1435,fit,359,2
1436,width,359,2
1437,comfort,360,5
1438,quality,360,5
1439,fit,360,3
1440,width,360,4
1441,comfort,361,1
1442,quality,361,1
1443,fit,361,2
1444,width,361,1
1445,comfort,362,4
1446,quality,362,2
1447,fit,362,4
1448,width,362,3
1449,comfort,363,5
1450,quality,363,5
1451,fit,363,3
1452,width,363,3
1453,comfort,364,1
1454,quality,364,4
1455,fit,364,2
1456,width,364,4
1457,comfort,365,5
1458,quality,365,2
1459,fit,365,1
1460,width,365,3
1461,width,366,1
1462,fit,366,3
1463,quality,366,2
1464,length,366,2
1465,width,367,1
1466,fit,367,1
1467,quality,367,1
1468,length,367,4
1469,fit,368,4
1470,comfort,368,3
1471,length,368,1
1472,size,368,2
1473,quality,369,4
1474,fit,369,4
1475,length,369,1
1476,comfort,369,5
1477,quality,370,4
1478,fit,370,4
1479,length,370,3
1480,comfort,370,1
1481,comfort,371,4
1482,fit,371,4
1483,length,371,4
1484,size,371,3
1485,comfort,372,5
1486,fit,372,2
1487,length,372,1
1488,size,372,5
1489,comfort,373,2
1490,fit,373,5
1491,length,373,2
1492,size,373,4
1493,comfort,374,2
1494,fit,374,2
1495,length,374,5
1496,size,374,4
1497,comfort,375,3
1498,fit,375,3
1499,length,375,5
1500,size,375,3
1501,fit,376,1
1502,comfort,376,4
1503,quality,376,5
1504,length,376,1
1505,fit,377,5
1506,comfort,377,1
1507,quality,377,4
1508,length,377,2
1509,fit,378,4
1510,comfort,378,5
1511,quality,378,3
1512,length,378,3
1513,fit,379,1
1514,width,379,5
1515,quality,379,3
1516,length,379,1
1517,fit,380,5
1518,width,380,1
1519,quality,380,5
1520,length,380,2
1521,fit,381,1
1522,width,381,2
1523,quality,381,1
1524,length,381,1
1525,fit,382,1
1526,width,382,3
1527,quality,382,4
1528,length,382,2
1529,fit,383,1
1530,width,383,5
1531,quality,383,2
1532,length,383,2
1533,fit,384,5
1534,width,384,4
1535,quality,384,1
1536,length,384,1
1537,fit,385,5
1538,width,385,2
1539,quality,385,2
1540,length,385,3
1541,size,386,2
1542,quality,386,5
1543,fit,386,4
1544,width,386,5
1545,size,387,4
1546,quality,387,5
1547,fit,387,4
1548,width,387,2
1549,size,388,4
1550,quality,388,3
1551,fit,388,2
1552,width,388,4
1553,size,389,5
1554,quality,389,1
1555,fit,389,2
1556,width,389,1
1557,size,390,3
1558,quality,390,2
1559,fit,390,1
1560,width,390,2
1561,size,391,1
1562,quality,391,2
1563,fit,391,5
1564,width,391,3
1565,comfort,392,1
1566,quality,392,1
1567,width,392,1
1568,size,392,3
1569,comfort,393,1
1570,quality,393,4
1571,width,393,2
1572,size,393,5
1573,comfort,394,4
1574,quality,394,4
1575,width,394,4
1576,size,394,4
1577,comfort,395,1
1578,quality,395,5
1579,width,395,2
1580,size,395,4
1581,comfort,396,3
1582,quality,396,1
1583,width,396,1
1584,size,396,1
1585,comfort,397,5
1586,quality,397,3
1587,fit,397,3
1588,width,397,1
1589,comfort,398,5
1590,quality,398,1
1591,fit,398,3
1592,width,398,4
1593,comfort,399,4
1594,quality,399,5
1595,fit,399,3
1596,width,399,4
1597,comfort,400,1
1598,quality,400,4
1599,fit,400,3
1600,width,400,1
1601,fit,401,1
1602,width,401,2
1603,quality,401,1
1604,comfort,401,1
1605,comfort,402,4
1606,width,402,3
1607,size,402,5
1608,length,402,3
1609,comfort,403,2
1610,width,403,4
1611,size,403,4
1612,length,403,3
1613,fit,404,2
1614,quality,404,5
1615,length,404,1
1616,comfort,404,2
1617,fit,405,4
1618,quality,405,2
1619,length,405,5
1620,comfort,405,3
1621,fit,406,4
1622,quality,406,1
1623,length,406,5
1624,comfort,406,1
1625,fit,407,1
1626,quality,407,3
1627,length,407,5
1628,comfort,407,2
1629,fit,408,5
1630,quality,408,5
1631,length,408,4
1632,comfort,408,2
1633,fit,409,3
1634,quality,409,5
1635,length,409,2
1636,comfort,409,1
1637,fit,410,1
1638,quality,410,1
1639,length,410,3
1640,comfort,410,3
1641,fit,411,3
1642,quality,411,2
1643,length,411,5
1644,comfort,411,3
1645,width,412,1
1646,comfort,412,2
1647,fit,412,2
1648,length,412,2
1649,width,413,5
1650,comfort,413,3
1651,fit,413,2
1652,length,413,2
1653,width,414,1
1654,comfort,414,5
1655,fit,414,1
1656,length,414,2
1657,length,415,2
1658,fit,415,5
1659,width,415,5
1660,size,415,1
1661,length,416,3
1662,fit,416,3
1663,width,416,1
1664,size,416,4
1665,length,417,5
1666,comfort,417,1
1667,size,417,4
1668,fit,417,1
1669,length,418,2
1670,comfort,418,4
1671,size,418,4
1672,fit,418,2
1673,length,419,3
1674,comfort,419,3
1675,size,419,5
1676,fit,419,3
1677,length,420,4
1678,comfort,420,3
1679,size,420,5
1680,fit,420,2
1681,length,421,5
1682,comfort,421,1
1683,size,421,2
1684,fit,421,2
1685,length,422,2
1686,comfort,422,3
1687,size,422,1
1688,fit,422,4
1689,length,423,4
1690,comfort,423,5
1691,size,423,5
1692,fit,423,3
1693,fit,424,2
1694,quality,424,1
1695,size,424,4
1696,length,424,4
1697,fit,425,5
1698,quality,425,2
1699,size,425,1
1700,length,425,1
1701,fit,426,5
1702,quality,426,1
1703,size,426,5
1704,length,426,3
1705,fit,427,1
1706,quality,427,1
1707,size,427,5
1708,length,427,1
1709,fit,428,2
1710,quality,428,1
1711,size,428,1
1712,length,428,4
1713,fit,429,1
1714,quality,429,3
1715,size,429,2
1716,length,429,2
1717,fit,430,3
1718,quality,430,5
1719,size,430,4
1720,length,430,3
1721,width,431,3
1722,size,431,5
1723,comfort,431,4
1724,fit,431,2
1725,width,432,2
1726,size,432,5
1727,comfort,432,1
1728,fit,432,4
1729,width,433,4
1730,size,433,3
1731,comfort,433,2
1732,fit,433,2
1733,length,434,4
1734,size,434,5
1735,quality,434,4
1736,comfort,434,4
1737,length,435,1
1738,size,435,4
1739,quality,435,5
1740,comfort,435,5
1741,length,436,2
1742,size,436,3
1743,quality,436,1
1744,comfort,436,1
1745,length,437,1
1746,size,437,2
1747,quality,437,1
1748,comfort,437,1
1749,length,438,3
1750,size,438,3
1751,quality,438,3
1752,comfort,438,2
1753,quality,439,4
1754,width,439,3
1755,comfort,439,3
1756,fit,439,1
1757,comfort,440,4
1758,fit,440,1
1759,length,440,3
1760,size,440,5
1761,comfort,441,1
1762,fit,441,3
1763,length,441,3
1764,size,441,3
1765,length,442,4
1766,quality,442,2
1767,fit,442,3
1768,size,442,2
1769,length,443,5
1770,quality,443,1
1771,fit,443,3
1772,size,443,5
1773,length,444,2
1774,quality,444,5
1775,fit,444,5
1776,size,444,2
1777,length,445,4
1778,quality,445,1
1779,fit,445,5
1780,size,445,5
1781,length,446,3
1782,quality,446,4
1783,fit,446,3
1784,size,446,5
1785,length,447,5
1786,quality,447,2
1787,fit,447,5
1788,size,447,2
1789,length,448,2
1790,quality,448,3
1791,fit,448,3
1792,size,448,2
1793,length,449,5
1794,size,449,1
1795,width,449,4
1796,quality,449,3
1797,length,450,3
1798,size,450,4
1799,width,450,5
1800,quality,450,2
1801,length,451,1
1802,size,451,1
1803,width,451,2
1804,quality,451,3
1805,length,452,4
1806,size,452,5
1807,width,452,4
1808,quality,452,4
1809,length,453,2
1810,size,453,5
1811,width,453,1
1812,quality,453,4
1813,length,454,2
1814,size,454,5
1815,width,454,2
1816,quality,454,3
1817,length,455,1
1818,size,455,2
1819,width,455,5
1820,quality,455,2
1821,length,456,4
1822,size,456,3
1823,width,456,5
1824,quality,456,4
1825,size,457,2
1826,width,457,5
1827,length,457,1
1828,comfort,457,3
1829,size,458,3
1830,width,458,2
1831,length,458,4
1832,comfort,458,2
1833,size,459,4
1834,width,459,2
1835,length,459,4
1836,comfort,459,1
1837,size,460,2
1838,width,460,2
1839,length,460,3
1840,comfort,460,5
1841,size,461,4
1842,width,461,1
1843,length,461,5
1844,comfort,461,1
1845,size,462,4
1846,width,462,4
1847,length,462,5
1848,comfort,462,3
1849,size,463,2
1850,width,463,2
1851,length,463,1
1852,comfort,463,1
1853,comfort,464,1
1854,quality,464,1
1855,width,464,3
1856,size,464,4
1857,comfort,465,4
1858,quality,465,2
1859,width,465,3
1860,size,465,2
1861,comfort,466,4
1862,quality,466,4
1863,width,466,3
1864,size,466,5
1865,comfort,467,5
1866,quality,467,2
1867,width,467,2
1868,size,467,1
1869,comfort,468,4
1870,quality,468,2
1871,width,468,1
1872,size,468,2
1873,comfort,469,4
1874,quality,469,3
1875,width,469,4
1876,size,469,4
1877,fit,470,1
1878,length,470,3
1879,comfort,470,3
1880,size,470,1
1881,fit,471,5
1882,length,471,2
1883,comfort,471,3
1884,size,471,4
1885,fit,472,5
1886,length,472,4
1887,comfort,472,3
1888,size,472,3
1889,fit,473,3
1890,length,473,1
1891,comfort,473,4
1892,size,473,5
1893,fit,474,3
1894,length,474,3
1895,comfort,474,4
1896,size,474,3
1897,fit,475,5
1898,length,475,2
1899,comfort,475,5
1900,size,475,4
1901,fit,476,5
1902,length,476,2
1903,comfort,476,3
1904,size,476,3
1905,quality,477,5
1906,comfort,477,4
1907,fit,477,2
1908,width,477,1
1909,quality,478,1
1910,comfort,478,4
1911,fit,478,4
1912,width,478,2
1913,quality,479,4
1914,comfort,479,1
1915,fit,479,5
1916,width,479,1
1917,quality,480,3
1918,comfort,480,4
1919,fit,480,4
1920,width,480,1
1921,quality,481,4
1922,comfort,481,1
1923,fit,481,5
1924,width,481,1
1925,quality,482,3
1926,comfort,482,4
1927,fit,482,1
1928,width,482,1
1929,size,483,4
1930,comfort,483,5
1931,width,483,2
1932,length,483,5
1933,size,484,3
1934,comfort,484,2
1935,width,484,1
1936,length,484,4
1937,size,485,1
1938,comfort,485,2
1939,width,485,3
1940,length,485,2
1941,size,486,5
1942,comfort,486,2
1943,width,486,3
1944,length,486,3
1945,size,487,3
1946,comfort,487,2
1947,width,487,5
1948,length,487,3
1949,size,488,3
1950,comfort,488,4
1951,width,488,1
1952,length,488,3
1953,size,489,4
1954,comfort,489,3
1955,width,489,1
1956,length,489,2
1957,size,490,1
1958,comfort,490,2
1959,width,490,1
1960,length,490,3
1961,fit,491,5
1962,length,491,2
1963,quality,491,5
1964,size,491,1
1965,fit,492,1
1966,length,492,4
1967,quality,492,5
1968,size,492,3
1969,fit,493,3
1970,length,493,1
1971,quality,493,5
1972,size,493,5
1973,fit,494,2
1974,length,494,3
1975,quality,494,2
1976,size,494,3
1977,fit,495,1
1978,length,495,3
1979,quality,495,1
1980,size,495,4
1981,fit,496,5
1982,length,496,5
1983,quality,496,1
1984,size,496,3
1985,fit,497,1
1986,length,497,3
1987,quality,497,1
1988,size,497,2
1989,fit,498,3
1990,length,498,5
1991,quality,498,1
1992,size,498,2
1993,fit,499,1
1994,quality,499,5
1995,size,499,1
1996,width,499,3
1997,fit,500,2
1998,quality,500,3
1999,size,500,4
2000,width,500,3
2001,fit,501,3
2002,quality,501,5
2003,size,501,2
2004,width,501,5
2005,length,502,3
2006,quality,502,2
2007,comfort,502,5
2008,fit,502,4
2009,length,503,1
2010,quality,503,2
2011,comfort,503,3
2012,fit,503,2
2013,length,504,4
2014,quality,504,1
2015,comfort,504,3
2016,fit,504,3
2017,length,505,5
2018,quality,505,5
2019,comfort,505,2
2020,fit,505,5
2021,length,506,1
2022,quality,506,3
2023,comfort,506,4
2024,fit,506,2
2025,quality,507,1
2026,comfort,507,2
2027,length,507,4
2028,fit,507,1
2029,quality,508,1
2030,comfort,508,2
2031,length,508,1
2032,fit,508,2
2033,quality,509,3
2034,comfort,509,1
2035,length,509,4
2036,fit,509,5
2037,quality,510,5
2038,comfort,510,5
2039,length,510,3
2040,fit,510,3
2041,fit,511,3
2042,comfort,511,4
2043,width,511,1
2044,quality,511,3
2045,fit,512,3
2046,comfort,512,2
2047,width,512,4
2048,quality,512,4
2049,fit,513,3
2050,comfort,513,3
2051,width,513,2
2052,quality,513,5
2053,fit,514,1
2054,comfort,514,1
2055,width,514,5
2056,quality,514,3
2057,size,515,3
2058,comfort,515,1
2059,fit,515,1
2060,width,515,4
2061,size,516,3
2062,comfort,516,5
2063,fit,516,2
2064,width,516,4
2065,size,517,3
2066,comfort,517,2
2067,fit,517,5
2068,width,517,2
2069,size,518,5
2070,comfort,518,4
2071,fit,518,4
2072,width,518,5
2073,size,519,4
2074,comfort,519,1
2075,fit,519,1
2076,width,519,1
2077,width,520,2
2078,fit,520,2
2079,length,520,1
2080,comfort,520,5
2081,width,521,3
2082,fit,521,1
2083,length,521,5
2084,comfort,521,2
2085,size,522,1
2086,fit,522,1
2087,length,522,2
2088,comfort,522,5
2089,size,523,3
2090,fit,523,5
2091,length,523,1
2092,comfort,523,1
2093,size,524,2
2094,fit,524,4
2095,length,524,5
2096,comfort,524,4
2097,size,525,1
2098,fit,525,1
2099,length,525,3
2100,comfort,525,4
2101,width,526,1
2102,comfort,526,4
2103,quality,526,4
2104,length,526,3
2105,width,527,3
2106,comfort,527,2
2107,quality,527,1
2108,length,527,1
2109,width,528,4
2110,comfort,528,1
2111,quality,528,3
2112,length,528,5
2113,width,529,3
2114,comfort,529,5
2115,quality,529,1
2116,length,529,1
2117,width,530,3
2118,comfort,530,4
2119,quality,530,3
2120,length,530,3
2121,width,531,1
2122,comfort,531,4
2123,quality,531,5
2124,length,531,1
2125,comfort,532,4
2126,size,532,2
2127,width,532,3
2128,quality,532,2
2129,comfort,533,5
2130,size,533,5
2131,width,533,2
2132,quality,533,2
2133,size,534,2
2134,width,534,2
2135,length,534,4
2136,comfort,534,1
2137,size,535,2
2138,width,535,4
2139,length,535,1
2140,comfort,535,2
2141,size,536,5
2142,width,536,4
2143,length,536,4
2144,comfort,536,3
2145,size,537,5
2146,width,537,3
2147,length,537,4
2148,comfort,537,4
2149,size,538,2
2150,width,538,5
2151,length,538,3
2152,comfort,538,4
2153,size,539,2
2154,width,539,3
2155,length,539,5
2156,comfort,539,5
2157,length,540,2
2158,width,540,1
2159,fit,540,4
2160,quality,540,2
2161,comfort,541,1
2162,fit,541,1
2163,size,541,4
2164,length,541,3
2165,fit,542,3
2166,length,542,3
2167,quality,542,2
2168,comfort,542,2
2169,fit,543,5
2170,length,543,3
2171,quality,543,3
2172,comfort,543,5
2173,fit,544,3
2174,size,544,3
2175,quality,544,2
2176,comfort,544,5
2177,fit,545,1
2178,size,545,5
2179,quality,545,2
2180,comfort,545,3
2181,fit,546,3
2182,size,546,5
2183,quality,546,2
2184,comfort,546,4
2185,quality,547,3
2186,width,547,5
2187,length,547,1
2188,comfort,547,4
2189,comfort,548,3
2190,quality,548,4
2191,width,548,2
2192,fit,548,3
2193,comfort,549,2
2194,quality,549,2
2195,width,549,5
2196,fit,549,2
2197,comfort,550,1
2198,width,550,4
2199,size,550,2
2200,length,550,1
2201,comfort,551,3
2202,width,551,3
2203,size,551,2
2204,length,551,5
2205,comfort,552,5
2206,width,552,3
2207,size,552,1
2208,length,552,3
2209,comfort,553,3
2210,width,553,1
2211,size,553,4
2212,length,553,3
2213,quality,554,5
2214,size,554,5
2215,comfort,554,2
2216,width,554,5
2217,quality,555,2
2218,size,555,2
2219,comfort,555,5
2220,width,555,5
2221,quality,556,1
2222,size,556,3
2223,comfort,556,1
2224,width,556,4
2225,quality,557,5
2226,length,557,1
2227,fit,557,2
2228,size,557,4
2229,quality,558,1
2230,length,558,1
2231,fit,558,5
2232,size,558,2
2233,quality,559,5
2234,length,559,5
2235,fit,559,1
2236,size,559,2
2237,quality,560,1
2238,length,560,5
2239,fit,560,3
2240,size,560,5
2241,length,561,1
2242,fit,561,1
2243,size,561,2
2244,comfort,561,1
2245,length,562,4
2246,fit,562,5
2247,size,562,1
2248,comfort,562,4
2249,length,563,5
2250,fit,563,1
2251,size,563,5
2252,comfort,563,5
2253,length,564,1
2254,fit,564,1
2255,size,564,2
2256,comfort,564,4
2257,length,565,1
2258,fit,565,3
2259,size,565,2
2260,comfort,565,3
2261,length,566,1
2262,fit,566,5
2263,size,566,5
2264,comfort,566,2
2265,size,567,1
2266,length,567,1
2267,width,567,1
2268,quality,567,5
2269,size,568,5
2270,length,568,2
2271,width,568,2
2272,quality,568,1
2273,size,569,1
2274,length,569,4
2275,width,569,2
2276,quality,569,1
2277,size,570,2
2278,length,570,3
2279,width,570,2
2280,quality,570,1
2281,size,571,5
2282,length,571,5
2283,width,571,5
2284,quality,571,1
2285,size,572,3
2286,length,572,5
2287,width,572,3
2288,quality,572,4
2289,size,573,2
2290,length,573,3
2291,width,573,1
2292,quality,573,1
2293,size,574,2
2294,length,574,3
2295,width,574,4
2296,quality,574,4
2297,size,575,2
2298,length,575,2
2299,comfort,575,4
2300,quality,575,3
2301,size,576,5
2302,length,576,5
2303,comfort,576,5
2304,quality,576,5
2305,size,577,3
2306,length,577,2
2307,comfort,577,4
2308,quality,577,4
2309,comfort,578,1
2310,fit,578,5
2311,quality,578,3
2312,length,578,2
2313,comfort,579,2
2314,fit,579,1
2315,quality,579,3
2316,length,579,3
2317,comfort,580,3
2318,fit,580,1
2319,quality,580,4
2320,length,580,4
2321,width,581,3
2322,comfort,581,4
2323,fit,581,2
2324,size,581,5
2325,width,582,5
2326,comfort,582,3
2327,fit,582,5
2328,size,582,5
2329,width,583,2
2330,comfort,583,3
2331,fit,583,3
2332,size,583,1
2333,width,584,1
2334,comfort,584,4
2335,fit,584,4
2336,size,584,2
2337,width,585,4
2338,comfort,585,2
2339,fit,585,2
2340,size,585,5
2341,width,586,4
2342,comfort,586,5
2343,fit,586,5
2344,size,586,4
2345,width,587,4
2346,comfort,587,2
2347,fit,587,1
2348,size,587,2
2349,width,588,4
2350,length,588,1
2351,fit,588,2
2352,size,588,4
2353,width,589,3
2354,length,589,2
2355,fit,589,1
2356,size,589,5
2357,width,590,5
2358,length,590,2
2359,fit,590,2
2360,size,590,4
2361,width,591,2
2362,length,591,3
2363,fit,591,3
2364,size,591,2
2365,width,592,5
2366,quality,592,5
2367,size,592,2
2368,fit,592,5
2369,width,593,3
2370,quality,593,1
2371,size,593,3
2372,fit,593,3
2373,width,594,3
2374,quality,594,2
2375,size,594,1
2376,fit,594,4
2377,width,595,3
2378,quality,595,4
2379,size,595,2
2380,fit,595,2
2381,width,596,2
2382,quality,596,4
2383,size,596,5
2384,fit,596,5
2385,width,597,2
2386,quality,597,2
2387,size,597,3
2388,fit,597,1
2389,width,598,4
2390,quality,598,3
2391,size,598,1
2392,fit,598,3
2393,width,599,4
2394,quality,599,1
2395,size,599,5
2396,fit,599,3
2397,fit,600,3
2398,width,600,1
2399,comfort,600,1
2400,size,600,2
2401,comfort,601,5
2402,length,601,4
2403,quality,601,4
2404,width,601,3
2405,comfort,602,3
2406,length,602,4
2407,quality,602,3
2408,width,602,5
2409,comfort,603,5
2410,length,603,4
2411,quality,603,4
2412,width,603,2
2413,comfort,604,3
2414,length,604,3
2415,quality,604,5
2416,width,604,3
2417,comfort,605,4
2418,length,605,5
2419,quality,605,1
2420,width,605,1
2421,comfort,606,4
2422,length,606,3
2423,quality,606,4
2424,width,606,5
2425,comfort,607,5
2426,length,607,3
2427,quality,607,3
2428,width,607,5
2429,fit,608,3
2430,size,608,2
2431,width,608,4
2432,quality,608,3
2433,fit,609,4
2434,size,609,2
2435,width,609,1
2436,quality,609,2
2437,fit,610,4
2438,size,610,2
2439,width,610,2
2440,quality,610,1
2441,fit,611,2
2442,size,611,5
2443,width,611,1
2444,quality,611,1
2445,fit,612,4
2446,size,612,1
2447,width,612,5
2448,quality,612,5
2449,fit,613,2
2450,size,613,2
2451,width,613,2
2452,quality,613,2
2453,length,614,1
2454,quality,614,2
2455,width,614,4
2456,comfort,614,1
2457,quality,615,1
2458,comfort,615,2
2459,length,615,5
2460,fit,615,5
2461,quality,616,2
2462,comfort,616,1
2463,length,616,4
2464,fit,616,3
2465,quality,617,1
2466,length,617,2
2467,size,617,5
2468,comfort,617,4
2469,quality,618,1
2470,length,618,2
2471,size,618,3
2472,comfort,618,5
2473,quality,619,4
2474,length,619,1
2475,size,619,2
2476,comfort,619,3
2477,quality,620,1
2478,length,620,3
2479,size,620,1
2480,comfort,620,5
2481,quality,621,4
2482,length,621,3
2483,size,621,1
2484,comfort,621,1
2485,quality,622,4
2486,length,622,2
2487,size,622,4
2488,comfort,622,1
2489,fit,623,5
2490,width,623,3
2491,quality,623,1
2492,length,623,5
2493,fit,624,4
2494,width,624,1
2495,quality,624,1
2496,length,624,3
2497,fit,625,3
2498,width,625,3
2499,quality,625,4
2500,length,625,3
2501,fit,626,4
2502,width,626,5
2503,quality,626,1
2504,length,626,5
2505,width,627,1
2506,comfort,627,5
2507,fit,627,4
2508,size,627,3
2509,width,628,2
2510,comfort,628,4
2511,fit,628,5
2512,size,628,3
2513,width,629,1
2514,comfort,629,4
2515,fit,629,4
2516,size,629,5
2517,width,630,5
2518,comfort,630,4
2519,fit,630,5
2520,size,630,1
2521,width,631,2
2522,comfort,631,2
2523,fit,631,2
2524,size,631,1
2525,width,632,5
2526,comfort,632,4
2527,fit,632,5
2528,size,632,3
2529,width,633,4
2530,comfort,633,1
2531,fit,633,4
2532,size,633,2
2533,width,634,5
2534,comfort,634,3
2535,fit,634,5
2536,length,634,2
2537,width,635,5
2538,comfort,635,1
2539,fit,635,4
2540,length,635,5
2541,width,636,1
2542,comfort,636,5
2543,fit,636,3
2544,length,636,1
2545,width,637,4
2546,comfort,637,4
2547,fit,637,3
2548,length,637,4
2549,width,638,3
2550,comfort,638,3
2551,fit,638,1
2552,length,638,1
2553,size,639,2
2554,quality,639,5
2555,fit,639,2
2556,comfort,639,5
2557,size,640,5
2558,quality,640,3
2559,fit,640,5
2560,comfort,640,3
2561,size,641,3
2562,quality,641,5
2563,fit,641,2
2564,comfort,641,3
2565,size,642,4
2566,quality,642,2
2567,fit,642,3
2568,comfort,642,2
2569,size,643,3
2570,quality,643,2
2571,fit,643,3
2572,comfort,643,3
2573,size,644,4
2574,quality,644,4
2575,fit,644,2
2576,comfort,644,1
2577,size,645,2
2578,quality,645,4
2579,fit,645,2
2580,comfort,645,3
2581,comfort,646,5
2582,fit,646,1
2583,width,646,3
2584,size,646,5
2585,comfort,647,1
2586,fit,647,1
2587,width,647,5
2588,size,647,5
2589,comfort,648,2
2590,fit,648,3
2591,width,648,2
2592,size,648,1
2593,comfort,649,3
2594,fit,649,1
2595,width,649,5
2596,size,649,1
2597,comfort,650,4
2598,fit,650,2
2599,width,650,2
2600,size,650,3
2601,comfort,651,4
2602,fit,651,2
2603,width,651,1
2604,size,651,4
2605,comfort,652,4
2606,fit,652,2
2607,width,652,2
2608,size,652,3
2609,comfort,653,5
2610,fit,653,5
2611,width,653,1
2612,size,653,4
2613,quality,654,5
2614,size,654,2
2615,width,654,2
2616,fit,654,4
2617,width,655,4
2618,size,655,5
2619,comfort,655,2
2620,length,655,1
2621,width,656,5
2622,size,656,5
2623,comfort,656,5
2624,length,656,1
2625,width,657,5
2626,size,657,3
2627,comfort,657,1
2628,length,657,5
2629,width,658,5
2630,size,658,2
2631,comfort,658,4
2632,length,658,5
2633,width,659,2
2634,size,659,2
2635,comfort,659,3
2636,length,659,2
2637,width,660,4
2638,size,660,2
2639,comfort,660,3
2640,length,660,1
2641,width,661,3
2642,size,661,5
2643,comfort,661,2
2644,length,661,3
2645,width,662,5
2646,size,662,4
2647,comfort,662,4
2648,length,662,5
2649,width,663,2
2650,quality,663,1
2651,size,663,1
2652,length,663,1
2653,width,664,3
2654,quality,664,5
2655,size,664,4
2656,length,664,1
2657,width,665,1
2658,quality,665,4
2659,size,665,3
2660,length,665,4
2661,quality,666,1
2662,length,666,2
2663,size,666,1
2664,fit,666,3
2665,quality,667,5
2666,length,667,2
2667,size,667,4
2668,fit,667,5
2669,quality,668,5
2670,length,668,5
2671,size,668,5
2672,fit,668,4
2673,quality,669,1
2674,length,669,5
2675,size,669,3
2676,fit,669,3
2677,quality,670,1
2678,length,670,5
2679,size,670,4
2680,fit,670,3
2681,quality,671,3
2682,length,671,1
2683,width,671,1
2684,fit,671,4
2685,fit,672,1
2686,length,672,2
2687,width,672,3
2688,comfort,672,3
2689,size,673,1
2690,quality,673,3
2691,comfort,673,5
2692,length,673,1
2693,size,674,2
2694,quality,674,2
2695,comfort,674,2
2696,length,674,3
2697,quality,675,3
2698,comfort,675,3
2699,length,675,3
2700,fit,675,1
2701,quality,676,2
2702,comfort,676,2
2703,length,676,1
2704,fit,676,3
2705,quality,677,1
2706,comfort,677,5
2707,length,677,3
2708,fit,677,2
2709,comfort,678,5
2710,length,678,4
2711,size,678,3
2712,quality,678,2
2713,comfort,679,3
2714,length,679,5
2715,size,679,1
2716,quality,679,4
2717,comfort,680,4
2718,length,680,1
2719,size,680,1
2720,quality,680,3
2721,comfort,681,1
2722,length,681,4
2723,size,681,3
2724,quality,681,2
2725,comfort,682,3
2726,length,682,5
2727,size,682,5
2728,quality,682,4
2729,comfort,683,5
2730,length,683,2
2731,size,683,1
2732,quality,683,1
2733,length,684,3
2734,fit,684,4
2735,size,684,5
2736,comfort,684,3
2737,length,685,4
2738,fit,685,1
2739,size,685,1
2740,comfort,685,1
2741,length,686,1
2742,fit,686,5
2743,size,686,4
2744,comfort,686,3
2745,fit,687,2
2746,width,687,2
2747,quality,687,1
2748,comfort,687,2
2749,fit,688,3
2750,width,688,2
2751,quality,688,4
2752,comfort,688,5
2753,fit,689,5
2754,width,689,5
2755,quality,689,4
2756,comfort,689,3
2757,fit,690,2
2758,width,690,2
2759,quality,690,5
2760,comfort,690,2
2761,width,691,2
2762,quality,691,3
2763,fit,691,1
2764,comfort,691,1
2765,width,692,1
2766,quality,692,3
2767,fit,692,1
2768,comfort,692,5
2769,width,693,2
2770,quality,693,3
2771,fit,693,3
2772,comfort,693,2
2773,width,694,2
2774,quality,694,5
2775,fit,694,2
2776,comfort,694,4
2777,width,695,5
2778,quality,695,4
2779,fit,695,1
2780,comfort,695,2
2781,width,696,5
2782,quality,696,2
2783,fit,696,4
2784,comfort,696,1
2785,length,697,5
2786,comfort,697,4
2787,size,697,3
2788,quality,697,5
2789,length,698,5
2790,comfort,698,2
2791,size,698,1
2792,quality,698,2
2793,length,699,5
2794,comfort,699,2
2795,size,699,5
2796,quality,699,4
2797,length,700,1
2798,comfort,700,2
2799,size,700,3
2800,quality,700,5
2801,width,701,5
2802,size,701,4
2803,quality,701,4
2804,fit,701,4
2805,width,702,5
2806,size,702,3
2807,quality,702,3
2808,fit,702,5
2809,width,703,3
2810,size,703,3
2811,quality,703,2
2812,fit,703,3
2813,width,704,2
2814,size,704,3
2815,quality,704,3
2816,fit,704,2
2817,comfort,705,5
2818,size,705,4
2819,length,705,2
2820,fit,705,1
2821,comfort,706,2
2822,size,706,2
2823,length,706,1
2824,fit,706,4
2825,comfort,707,4
2826,size,707,4
2827,length,707,5
2828,fit,707,2
2829,comfort,708,4
2830,size,708,3
2831,length,708,4
2832,fit,708,4
2833,comfort,709,4
2834,size,709,2
2835,length,709,1
2836,fit,709,3
2837,width,710,2
2838,size,710,5
2839,comfort,710,1
2840,fit,710,1
2841,width,711,4
2842,size,711,1
2843,comfort,711,2
2844,fit,711,4
2845,width,712,5
2846,size,712,1
2847,comfort,712,2
2848,fit,712,5
2849,width,713,3
2850,size,713,1
2851,comfort,713,5
2852,fit,713,4
2853,width,714,5
2854,size,714,3
2855,comfort,714,5
2856,fit,714,5
2857,width,715,5
2858,size,715,2
2859,comfort,715,5
2860,fit,715,3
2861,width,716,1
2862,size,716,4
2863,comfort,716,5
2864,fit,716,3
2865,quality,717,1
2866,size,717,5
2867,comfort,717,2
2868,fit,717,2
2869,quality,718,5
2870,size,718,5
2871,comfort,718,2
2872,fit,718,5
2873,quality,719,1
2874,size,719,4
2875,comfort,719,1
2876,fit,719,1
2877,quality,720,5
2878,size,720,5
2879,comfort,720,5
2880,fit,720,5
2881,quality,721,4
2882,size,721,5
2883,comfort,721,2
2884,fit,721,5
2885,quality,722,5
2886,size,722,3
2887,comfort,722,3
2888,fit,722,5
2889,quality,723,2
2890,size,723,1
2891,comfort,723,5
2892,fit,723,5
2893,quality,724,1
2894,size,724,3
2895,comfort,724,5
2896,fit,724,5
2897,fit,725,3
2898,comfort,725,2
2899,size,725,3
2900,length,725,5
2901,fit,726,2
2902,comfort,726,2
2903,size,726,3
2904,length,726,3
2905,fit,727,3
2906,comfort,727,3
2907,size,727,1
2908,length,727,2
2909,fit,728,2
2910,quality,728,4
2911,size,728,1
2912,width,728,2
2913,fit,729,2
2914,quality,729,4
2915,size,729,4
2916,width,729,3
2917,size,730,5
2918,quality,730,3
2919,comfort,730,2
2920,width,730,4
2921,size,731,4
2922,quality,731,3
2923,comfort,731,1
2924,width,731,1
2925,size,732,1
2926,quality,732,5
2927,comfort,732,4
2928,width,732,3
2929,size,733,1
2930,quality,733,3
2931,comfort,733,3
2932,width,733,5
2933,quality,734,2
2934,size,734,4
2935,length,734,3
2936,width,734,5
2937,quality,735,1
2938,size,735,3
2939,length,735,5
2940,width,735,5
2941,quality,736,2
2942,size,736,2
2943,length,736,4
2944,width,736,1
2945,quality,737,1
2946,size,737,1
2947,length,737,5
2948,width,737,3
2949,quality,738,1
2950,size,738,4
2951,length,738,2
2952,width,738,1
2953,quality,739,3
2954,size,739,1
2955,length,739,1
2956,width,739,4
2957,quality,740,3
2958,size,740,5
2959,length,740,4
2960,width,740,4
2961,quality,741,3
2962,size,741,2
2963,length,741,4
2964,width,741,4
2965,comfort,742,5
2966,size,742,2
2967,width,742,3
2968,fit,742,1
2969,length,743,2
2970,fit,743,1
2971,quality,743,1
2972,comfort,743,1
2973,length,744,1
2974,fit,744,3
2975,quality,744,2
2976,comfort,744,2
2977,length,745,1
2978,fit,745,1
2979,quality,745,5
2980,comfort,745,3
2981,length,746,3
2982,fit,746,1
2983,quality,746,1
2984,comfort,746,1
2985,length,747,3
2986,fit,747,3
2987,quality,747,2
2988,comfort,747,1
2989,length,748,4
2990,fit,748,1
2991,quality,748,5
2992,comfort,748,1
2993,length,749,3
2994,fit,749,3
2995,quality,749,2
2996,comfort,749,4
2997,length,750,5
2998,fit,750,5
2999,quality,750,2
3000,comfort,750,5
3001,width,751,3
3002,fit,751,2
3003,quality,751,4
3004,size,751,4
3005,width,752,5
3006,fit,752,2
3007,quality,752,4
3008,size,752,1
3009,width,753,3
3010,fit,753,5
3011,quality,753,1
3012,size,753,4
3013,width,754,2
3014,fit,754,1
3015,quality,754,5
3016,size,754,5
3017,width,755,2
3018,fit,755,5
3019,quality,755,1
3020,size,755,3
3021,size,756,2
3022,fit,756,4
3023,width,756,5
3024,quality,756,2
3025,size,757,5
3026,fit,757,5
3027,width,757,1
3028,quality,757,4
3029,size,758,2
3030,fit,758,4
3031,width,758,1
3032,quality,758,1
3033,size,759,4
3034,fit,759,4
3035,width,759,2
3036,quality,759,4
3037,size,760,1
3038,fit,760,5
3039,width,760,4
3040,quality,760,4
3041,size,761,2
3042,fit,761,3
3043,width,761,5
3044,quality,761,1
3045,size,762,2
3046,fit,762,1
3047,width,762,2
3048,quality,762,5
3049,comfort,763,4
3050,quality,763,3
3051,fit,763,2
3052,width,763,1
3053,comfort,764,1
3054,quality,764,3
3055,fit,764,1
3056,width,764,5
3057,comfort,765,4
3058,quality,765,5
3059,fit,765,2
3060,width,765,1
3061,comfort,766,3
3062,quality,766,1
3063,fit,766,1
3064,width,766,1
3065,comfort,767,4
3066,quality,767,2
3067,fit,767,3
3068,width,767,1
3069,comfort,768,2
3070,quality,768,1
3071,fit,768,1
3072,width,768,1
3073,comfort,769,3
3074,length,769,1
3075,width,769,1
3076,quality,769,3
3077,quality,770,5
3078,size,770,1
3079,comfort,770,4
3080,fit,770,4
3081,fit,771,3
3082,length,771,3
3083,size,771,1
3084,quality,771,1
3085,fit,772,3
3086,length,772,5
3087,size,772,2
3088,quality,772,4
3089,fit,773,5
3090,length,773,5
3091,size,773,1
3092,quality,773,4
3093,fit,774,5
3094,length,774,3
3095,size,774,3
3096,quality,774,1
3097,fit,775,5
3098,length,775,2
3099,size,775,4
3100,quality,775,4
3101,fit,776,1
3102,length,776,4
3103,size,776,5
3104,quality,776,3
3105,fit,777,3
3106,length,777,2
3107,size,777,2
3108,quality,777,2
3109,fit,778,3
3110,length,778,3
3111,size,778,2
3112,quality,778,1
3113,size,779,4
3114,comfort,779,3
3115,width,779,5
3116,quality,779,3
3117,size,780,5
3118,comfort,780,5
3119,width,780,2
3120,quality,780,4
3121,size,781,1
3122,comfort,781,1
3123,width,781,1
3124,quality,781,4
3125,size,782,5
3126,comfort,782,3
3127,width,782,2
3128,quality,782,2
3129,size,783,5
3130,comfort,783,3
3131,width,783,5
3132,quality,783,3
3133,size,784,1
3134,comfort,784,3
3135,width,784,1
3136,quality,784,1
3137,size,785,4
3138,quality,785,4
3139,comfort,785,2
3140,length,785,4
3141,size,786,1
3142,quality,786,5
3143,comfort,786,1
3144,length,786,5
3145,size,787,1
3146,quality,787,5
3147,comfort,787,3
3148,length,787,3
3149,size,788,3
3150,quality,788,5
3151,comfort,788,2
3152,length,788,2
3153,size,789,2
3154,quality,789,3
3155,comfort,789,4
3156,length,789,5
3157,size,790,1
3158,quality,790,5
3159,comfort,790,2
3160,length,790,1
3161,size,791,1
3162,quality,791,4
3163,comfort,791,3
3164,length,791,2
3165,size,792,1
3166,quality,792,3
3167,comfort,792,1
3168,length,792,2
3169,comfort,793,4
3170,fit,793,1
3171,size,793,5
3172,quality,793,1
3173,quality,794,1
3174,width,794,3
3175,fit,794,5
3176,length,794,3
3177,quality,795,1
3178,width,795,2
3179,fit,795,4
3180,length,795,5
3181,quality,796,1
3182,width,796,4
3183,fit,796,2
3184,length,796,3
3185,quality,797,4
3186,width,797,5
3187,fit,797,3
3188,length,797,4
3189,comfort,798,5
3190,quality,798,5
3191,length,798,1
3192,width,798,4
3193,comfort,799,5
3194,quality,799,3
3195,length,799,4
3196,width,799,2
3197,comfort,800,5
3198,quality,800,2
3199,length,800,3
3200,width,800,2
3201,comfort,801,1
3202,quality,801,1
3203,length,801,1
3204,width,801,5
3205,comfort,802,3
3206,quality,802,3
3207,length,802,5
3208,width,802,4
3209,comfort,803,2
3210,quality,803,1
3211,length,803,2
3212,width,803,4
3213,comfort,804,3
3214,size,804,1
3215,length,804,3
3216,fit,804,5
3217,comfort,805,1
3218,size,805,4
3219,length,805,3
3220,fit,805,3
3221,comfort,806,5
3222,size,806,1
3223,length,806,1
3224,fit,806,3
3225,comfort,807,4
3226,size,807,4
3227,length,807,3
3228,fit,807,3
3229,comfort,808,5
3230,size,808,4
3231,length,808,4
3232,fit,808,2
3233,comfort,809,3
3234,size,809,1
3235,length,809,1
3236,fit,809,3
3237,comfort,810,4
3238,size,810,2
3239,length,810,4
3240,fit,810,4
3241,size,811,3
3242,quality,811,1
3243,fit,811,4
3244,comfort,811,2
3245,size,812,1
3246,quality,812,3
3247,fit,812,4
3248,comfort,812,2
3249,size,813,2
3250,quality,813,5
3251,fit,813,4
3252,comfort,813,2
3253,size,814,4
3254,quality,814,2
3255,fit,814,1
3256,comfort,814,3
3257,size,815,1
3258,quality,815,1
3259,fit,815,1
3260,comfort,815,1
3261,size,816,2
3262,quality,816,5
3263,fit,816,4
3264,comfort,816,4
3265,size,817,3
3266,quality,817,1
3267,fit,817,4
3268,comfort,817,1
3269,width,818,1
3270,size,818,5
3271,comfort,818,1
3272,quality,818,3
3273,width,819,2
3274,size,819,2
3275,comfort,819,5
3276,quality,819,3
3277,width,820,3
3278,size,820,2
3279,comfort,820,5
3280,quality,820,4
3281,width,821,2
3282,size,821,1
3283,comfort,821,5
3284,quality,821,1
3285,width,822,5
3286,size,822,4
3287,comfort,822,1
3288,quality,822,5
3289,width,823,5
3290,size,823,2
3291,comfort,823,4
3292,quality,823,4
3293,width,824,3
3294,size,824,5
3295,comfort,824,4
3296,quality,824,4
3297,width,825,3
3298,fit,825,2
3299,length,825,2
3300,comfort,825,4
3301,width,826,5
3302,fit,826,1
3303,length,826,5
3304,comfort,826,3
3305,size,827,5
3306,quality,827,2
3307,width,827,1
3308,comfort,827,5
3309,size,828,4
3310,quality,828,5
3311,width,828,3
3312,comfort,828,5
3313,size,829,1
3314,quality,829,5
3315,width,829,1
3316,comfort,829,3
3317,size,830,5
3318,quality,830,3
3319,width,830,4
3320,comfort,830,2
3321,size,831,1
3322,width,831,2
3323,quality,831,5
3324,comfort,831,1
3325,size,832,5
3326,width,832,5
3327,quality,832,1
3328,comfort,832,5
3329,size,833,5
3330,width,833,5
3331,quality,833,4
3332,comfort,833,1
3333,length,834,3
3334,fit,834,5
3335,size,834,3
3336,quality,834,4
3337,length,835,2
3338,fit,835,2
3339,size,835,1
3340,quality,835,2
3341,length,836,5
3342,fit,836,5
3343,size,836,1
3344,quality,836,4
3345,length,837,3
3346,fit,837,5
3347,size,837,3
3348,quality,837,4
3349,width,838,4
3350,size,838,2
3351,comfort,838,5
3352,fit,838,4
3353,size,839,2
3354,quality,839,1
3355,fit,839,1
3356,comfort,839,4
3357,size,840,3
3358,quality,840,1
3359,fit,840,3
3360,comfort,840,4
3361,size,841,5
3362,fit,841,5
3363,length,841,1
3364,width,841,1
3365,size,842,2
3366,fit,842,5
3367,length,842,2
3368,width,842,3
3369,size,843,5
3370,fit,843,5
3371,length,843,4
3372,width,843,1
3373,size,844,5
3374,fit,844,5
3375,length,844,1
3376,width,844,4
3377,size,845,2
3378,fit,845,1
3379,length,845,2
3380,width,845,5
3381,size,846,5
3382,fit,846,4
3383,length,846,5
3384,width,846,1
3385,quality,847,2
3386,comfort,847,2
3387,length,847,3
3388,fit,847,1
3389,quality,848,3
3390,comfort,848,1
3391,length,848,1
3392,fit,848,2
3393,quality,849,2
3394,comfort,849,3
3395,length,849,1
3396,fit,849,1
3397,quality,850,2
3398,comfort,850,3
3399,length,850,3
3400,fit,850,5
3401,quality,851,2
3402,comfort,851,5
3403,length,851,1
3404,fit,851,2
3405,quality,852,4
3406,comfort,852,2
3407,length,852,2
3408,fit,852,5
3409,quality,853,5
3410,comfort,853,3
3411,length,853,5
3412,fit,853,3
3413,quality,854,4
3414,comfort,854,4
3415,length,854,5
3416,fit,854,2
3417,comfort,855,5
3418,length,855,5
3419,quality,855,3
3420,size,855,3
3421,comfort,856,4
3422,length,856,4
3423,quality,856,2
3424,size,856,3
3425,comfort,857,3
3426,length,857,1
3427,quality,857,1
3428,size,857,2
3429,comfort,858,5
3430,length,858,4
3431,quality,858,5
3432,size,858,3
3433,comfort,859,3
3434,length,859,1
3435,quality,859,2
3436,size,859,1
3437,comfort,860,1
3438,length,860,1
3439,quality,860,2
3440,size,860,4
3441,quality,861,5
3442,fit,861,3
3443,length,861,1
3444,size,861,3
3445,quality,862,5
3446,fit,862,1
3447,length,862,5
3448,size,862,3
3449,quality,863,2
3450,fit,863,3
3451,length,863,5
3452,size,863,3
3453,quality,864,5
3454,fit,864,1
3455,length,864,5
3456,size,864,1
3457,quality,865,5
3458,fit,865,3
3459,length,865,2
3460,size,865,1
3461,quality,866,5
3462,fit,866,5
3463,length,866,4
3464,size,866,1
3465,length,867,4
3466,quality,867,2
3467,size,867,1
3468,width,867,3
3469,length,868,1
3470,quality,868,2
3471,size,868,1
3472,width,868,2
3473,length,869,1
3474,quality,869,1
3475,size,869,3
3476,width,869,1
3477,length,870,5
3478,quality,870,5
3479,size,870,2
3480,width,870,1
3481,length,871,1
3482,quality,871,2
3483,size,871,4
3484,width,871,3
3485,length,872,1
3486,quality,872,5
3487,size,872,2
3488,width,872,5
3489,length,873,3
3490,quality,873,4
3491,size,873,1
3492,width,873,3
3493,comfort,874,1
3494,fit,874,1
3495,width,874,3
3496,size,874,2
3497,comfort,875,3
3498,fit,875,2
3499,width,875,5
3500,size,875,4
3501,comfort,876,4
3502,fit,876,3
3503,width,876,1
3504,size,876,2
3505,comfort,877,5
3506,fit,877,3
3507,width,877,1
3508,size,877,3
3509,comfort,878,1
3510,fit,878,1
3511,width,878,1
3512,size,878,3
3513,comfort,879,4
3514,fit,879,4
3515,width,879,2
3516,size,879,3
3517,fit,880,5
3518,length,880,3
3519,size,880,4
3520,width,880,5
3521,fit,881,5
3522,length,881,2
3523,size,881,2
3524,width,881,1
3525,fit,882,5
3526,length,882,2
3527,size,882,3
3528,width,882,2
3529,size,883,3
3530,comfort,883,1
3531,quality,883,5
3532,fit,883,4
3533,size,884,5
3534,comfort,884,1
3535,quality,884,2
3536,fit,884,5
3537,size,885,3
3538,comfort,885,4
3539,quality,885,2
3540,fit,885,1
3541,size,886,1
3542,comfort,886,1
3543,quality,886,3
3544,fit,886,3
3545,size,887,4
3546,comfort,887,4
3547,quality,887,3
3548,fit,887,5
3549,size,888,1
3550,comfort,888,1
3551,quality,888,5
3552,fit,888,4
3553,size,889,2
3554,comfort,889,3
3555,quality,889,3
3556,fit,889,5
3557,size,890,5
3558,quality,890,4
3559,fit,890,3
3560,comfort,890,3
3561,size,891,5
3562,quality,891,4
3563,fit,891,1
3564,comfort,891,4
3565,size,892,1
3566,quality,892,2
3567,fit,892,4
3568,comfort,892,4
3569,size,893,3
3570,quality,893,1
3571,fit,893,5
3572,comfort,893,5
3573,size,894,3
3574,quality,894,2
3575,fit,894,3
3576,comfort,894,1
3577,size,895,3
3578,quality,895,2
3579,fit,895,1
3580,comfort,895,1
3581,quality,896,1
3582,width,896,2
3583,comfort,896,5
3584,length,896,2
3585,quality,897,5
3586,width,897,3
3587,comfort,897,3
3588,length,897,5
3589,quality,898,2
3590,width,898,1
3591,comfort,898,4
3592,length,898,4
3593,quality,899,1
3594,width,899,3
3595,comfort,899,5
3596,length,899,2
3597,width,900,2
3598,size,900,5
3599,quality,900,4
3600,comfort,900,4
3601,width,901,3
3602,size,901,3
3603,quality,901,5
3604,comfort,901,3
3605,width,902,2
3606,size,902,2
3607,quality,902,2
3608,comfort,902,3
3609,length,903,1
3610,quality,903,5
3611,size,903,4
3612,fit,903,4
3613,length,904,2
3614,quality,904,1
3615,size,904,5
3616,fit,904,5
3617,length,905,4
3618,quality,905,2
3619,size,905,2
3620,fit,905,2
3621,length,906,1
3622,quality,906,4
3623,size,906,5
3624,fit,906,3
3625,length,907,5
3626,quality,907,2
3627,size,907,5
3628,width,907,3
3629,comfort,908,1
3630,fit,908,2
3631,quality,908,4
3632,length,908,5
3633,comfort,909,4
3634,fit,909,5
3635,quality,909,2
3636,length,909,5
3637,comfort,910,5
3638,fit,910,1
3639,quality,910,4
3640,length,910,5
3641,comfort,911,4
3642,fit,911,2
3643,quality,911,2
3644,length,911,4
3645,comfort,912,5
3646,fit,912,2
3647,quality,912,3
3648,length,912,4
3649,comfort,913,5
3650,fit,913,4
3651,quality,913,3
3652,length,913,4
3653,comfort,914,4
3654,fit,914,5
3655,quality,914,5
3656,length,914,3
3657,length,915,3
3658,comfort,915,1
3659,fit,915,4
3660,width,915,4
3661,length,916,1
3662,comfort,916,4
3663,fit,916,1
3664,width,916,5
3665,length,917,1
3666,comfort,917,1
3667,fit,917,2
3668,width,917,5
3669,length,918,3
3670,comfort,918,4
3671,fit,918,5
3672,width,918,2
3673,comfort,919,1
3674,size,919,4
3675,fit,919,2
3676,length,919,5
3677,comfort,920,4
3678,size,920,1
3679,fit,920,1
3680,length,920,4
3681,comfort,921,5
3682,size,921,5
3683,fit,921,3
3684,length,921,1
3685,comfort,922,1
3686,size,922,2
3687,fit,922,3
3688,length,922,5
3689,comfort,923,1
3690,size,923,5
3691,fit,923,1
3692,length,923,3
3693,comfort,924,5
3694,size,924,3
3695,fit,924,2
3696,length,924,2
3697,width,925,5
3698,size,925,3
3699,quality,925,5
3700,comfort,925,4
3701,width,926,3
3702,size,926,4
3703,quality,926,2
3704,comfort,926,2
3705,width,927,5
3706,size,927,3
3707,quality,927,5
3708,comfort,927,1
3709,quality,928,1
3710,length,928,3
3711,comfort,928,3
3712,width,928,4
3713,quality,929,1
3714,length,929,1
3715,comfort,929,5
3716,width,929,3
3717,quality,930,3
3718,comfort,930,3
3719,width,930,5
3720,fit,930,1
3721,quality,931,3
3722,comfort,931,5
3723,width,931,1
3724,fit,931,1
3725,length,932,5
3726,comfort,932,1
3727,width,932,5
3728,size,932,5
3729,comfort,933,1
3730,length,933,1
3731,quality,933,1
3732,fit,933,5
3733,comfort,934,3
3734,length,934,5
3735,quality,934,3
3736,fit,934,5
3737,comfort,935,2
3738,length,935,5
3739,quality,935,2
3740,fit,935,3
3741,comfort,936,3
3742,length,936,1
3743,quality,936,2
3744,fit,936,1
3745,comfort,937,4
3746,length,937,5
3747,quality,937,3
3748,fit,937,5
3749,size,938,1
3750,comfort,938,4
3751,length,938,1
3752,fit,938,1
3753,size,939,1
3754,comfort,939,5
3755,length,939,3
3756,fit,939,5
3757,size,940,2
3758,comfort,940,3
3759,length,940,5
3760,fit,940,4
3761,size,941,2
3762,comfort,941,2
3763,length,941,4
3764,fit,941,4
3765,size,942,1
3766,comfort,942,3
3767,length,942,5
3768,fit,942,4
3769,size,943,5
3770,comfort,943,3
3771,length,943,1
3772,fit,943,1
3773,size,944,1
3774,comfort,944,5
3775,length,944,4
3776,fit,944,2
3777,length,945,5
3778,quality,945,2
3779,comfort,945,4
3780,fit,945,1
3781,length,946,5
3782,quality,946,4
3783,comfort,946,3
3784,fit,946,1
3785,length,947,3
3786,quality,947,1
3787,comfort,947,2
3788,fit,947,3
3789,fit,948,1
3790,quality,948,4
3791,size,948,4
3792,comfort,948,3
3793,fit,949,2
3794,quality,949,5
3795,size,949,3
3796,comfort,949,5
3797,fit,950,2
3798,quality,950,4
3799,size,950,1
3800,comfort,950,2
3801,fit,951,2
3802,quality,951,5
3803,size,951,3
3804,comfort,951,1
3805,fit,952,4
3806,quality,952,1
3807,size,952,2
3808,comfort,952,2
3809,fit,953,3
3810,quality,953,4
3811,size,953,1
3812,comfort,953,2
3813,fit,954,4
3814,quality,954,5
3815,size,954,1
3816,comfort,954,4
3817,fit,955,5
3818,quality,955,2
3819,size,955,3
3820,comfort,955,3
3821,comfort,956,1
3822,quality,956,2
3823,size,956,3
3824,width,956,4
3825,comfort,957,4
3826,quality,957,4
3827,size,957,5
3828,width,957,1
3829,comfort,958,4
3830,quality,958,1
3831,size,958,2
3832,width,958,2
3833,comfort,959,4
3834,quality,959,1
3835,size,959,2
3836,width,959,4
3837,size,960,2
3838,comfort,960,1
3839,quality,960,5
3840,length,960,2
3841,size,961,3
3842,comfort,961,5
3843,quality,961,5
3844,length,961,1
3845,size,962,1
3846,comfort,962,3
3847,quality,962,3
3848,length,962,3
3849,size,963,2
3850,comfort,963,4
3851,quality,963,3
3852,length,963,1
3853,size,964,5
3854,comfort,964,1
3855,quality,964,2
3856,length,964,5
3857,size,965,2
3858,comfort,965,2
3859,quality,965,5
3860,length,965,3
3861,size,966,5
3862,comfort,966,3
3863,quality,966,4
3864,length,966,2
3865,size,967,4
3866,comfort,967,3
3867,quality,967,5
3868,length,967,2
3869,quality,968,5
3870,fit,968,2
3871,width,968,2
3872,length,968,3
3873,quality,969,3
3874,fit,969,2
3875,width,969,5
3876,length,969,1
3877,quality,970,1
3878,fit,970,5
3879,width,970,1
3880,length,970,4
3881,quality,971,2
3882,fit,971,3
3883,width,971,2
3884,length,971,1
3885,quality,972,2
3886,fit,972,5
3887,width,972,4
3888,length,972,1
3889,quality,973,3
3890,fit,973,3
3891,width,973,2
3892,length,973,4
3893,comfort,974,3
3894,fit,974,5
3895,length,974,4
3896,size,974,4
3897,comfort,975,3
3898,fit,975,4
3899,length,975,5
3900,size,975,5
3901,length,976,3
3902,width,976,5
3903,comfort,976,3
3904,size,976,2
3905,length,977,2
3906,width,977,1
3907,comfort,977,3
3908,size,977,1
3909,length,978,3
3910,width,978,1
3911,comfort,978,2
3912,size,978,2
3913,length,979,2
3914,width,979,3
3915,comfort,979,4
3916,size,979,4
3917,length,980,5
3918,width,980,1
3919,comfort,980,3
3920,size,980,3
3921,length,981,3
3922,width,981,3
3923,comfort,981,4
3924,size,981,1
3925,length,982,3
3926,width,982,2
3927,comfort,982,5
3928,size,982,2
3929,length,983,4
3930,width,983,1
3931,comfort,983,3
3932,size,983,3
3933,width,984,1
3934,comfort,984,2
3935,quality,984,2
3936,length,984,4
3937,width,985,5
3938,comfort,985,1
3939,quality,985,4
3940,length,985,5
3941,width,986,1
3942,comfort,986,4
3943,quality,986,4
3944,length,986,2
3945,width,987,4
3946,comfort,987,2
3947,quality,987,4
3948,length,987,4
3949,width,988,5
3950,comfort,988,2
3951,quality,988,1
3952,length,988,1
3953,width,989,3
3954,length,989,2
3955,fit,989,3
3956,comfort,989,1
3957,width,990,2
3958,length,990,2
3959,fit,990,1
3960,comfort,990,1
3961,width,991,4
3962,length,991,1
3963,fit,991,1
3964,comfort,991,4
3965,width,992,2
3966,length,992,2
3967,fit,992,1
3968,comfort,992,4
3969,width,993,2
3970,length,993,3
3971,fit,993,2
3972,comfort,993,3
3973,width,994,2
3974,length,994,5
3975,fit,994,2
3976,comfort,994,4
3977,width,995,2
3978,length,995,5
3979,fit,995,3
3980,comfort,995,2
3981,comfort,996,5
3982,length,996,4
3983,fit,996,2
3984,width,996,3
3985,comfort,997,2
3986,fit,997,5
3987,quality,997,5
3988,size,997,4
3989,comfort,998,3
3990,fit,998,4
3991,quality,998,4
3992,size,998,3
3993,comfort,999,1
3994,fit,999,5
3995,quality,999,4
3996,size,999,5
3997,comfort,1000,5
3998,fit,1000,2
3999,quality,1000,5
4000,size,1000,5
4001,comfort,1001,5
4002,fit,1001,3
4003,quality,1001,2
4004,size,1001,1
4005,comfort,1002,4
4006,fit,1002,1
4007,quality,1002,5
4008,size,1002,2
4009,comfort,1003,4
4010,fit,1003,1
4011,quality,1003,2
4012,size,1003,1
4013,comfort,1004,4
4014,fit,1004,3
4015,quality,1004,4
4016,size,1004,1
